insert into user (id, email, username, password, full_name, birthday, gender, locality, created_at) values (1, 'acuniam0@samsung.com', 'acuniam0', 'cmkCNi9Knc', 'Amby Cuniam', '1979/05/05', 'M', 'Jingmen', '2020/09/02');
insert into user (id, email, username, password, full_name, birthday, gender, locality, created_at) values (2, 'lcouzens1@spotify.com', 'lcouzens1', 'ps6anvl', 'Lorrie Couzens', '1966/07/25', 'M', 'Bouna', '2021/02/27');
insert into user (id, email, username, password, full_name, birthday, gender, locality, created_at) values (3, 'eheineken2@marketwatch.com', 'eheineken2', 'iEKwcDj1nFGp', 'Earl Heineken', '2019/01/05', 'M', 'Vysotsk', '2020/08/29');
insert into user (id, email, username, password, full_name, birthday, gender, locality, created_at) values (4, 'sheynen3@spotify.com', 'sheynen3', 'wT13qPd', 'Sutherland Heynen', '1974/11/06', 'M', 'São Lourenço', '2021/04/01');
insert into user (id, email, username, password, full_name, birthday, gender, locality, created_at) values (5, 'owallwork4@goo.ne.jp', 'owallwork4', 'rMaLpGVc6wKn', 'Orelia Wallwork', '2007/01/03', 'F', 'Sabóia', '2021/03/20');
insert into user (id, email, username, password, full_name, birthday, gender, locality, created_at) values (6, 'ncleever5@nationalgeographic.com', 'ncleever5', 'pJtwAC', 'Norton Cleever', '1998/11/10', 'M', 'Peruc', '2021/06/20');
insert into user (id, email, username, password, full_name, birthday, gender, locality, created_at) values (7, 'qstandrin6@telegraph.co.uk', 'qstandrin6', 'CRqcQxVXUB1', 'Quintin Standrin', '2009/04/24', 'M', 'Aimin', '2021/06/04');
insert into user (id, email, username, password, full_name, birthday, gender, locality, created_at) values (8, 'jgowrie7@example.com', 'jgowrie7', 'Vc0eumouE8Ll', 'Jenna Gowrie', '1994/05/24', 'F', 'Khalkhāl', '2020/12/06');
insert into user (id, email, username, password, full_name, birthday, gender, locality, created_at) values (9, 'rgrasser8@berkeley.edu', 'rgrasser8', 'FjWfdf72rymk', 'Randolph Grasser', '2003/12/10', 'M', 'Koroška Bela', '2020/11/30');
insert into user (id, email, username, password, full_name, birthday, gender, locality, created_at) values (10, 'edennehy9@apache.org', 'edennehy9', 'b9VvOLLuAaaV', 'Ezri Dennehy', '1971/06/08', 'M', 'Nancheng', '2020/09/21');
insert into user (id, email, username, password, full_name, birthday, gender, locality, created_at) values (11, 'wpurchona@jigsy.com', 'wpurchona', 'mO4kWKqz9vdt', 'Wynny Purchon', '1988/09/20', 'F', 'Yongshan', '2021/07/01');
insert into user (id, email, username, password, full_name, birthday, gender, locality, created_at) values (12, 'smccluneb@ftc.gov', 'smccluneb', 'qnUGOf110YdY', 'Sig McClune', '1958/08/17', 'M', 'Murganhal', '2021/04/29');
insert into user (id, email, username, password, full_name, birthday, gender, locality, created_at) values (13, 'pholdworthc@fastcompany.com', 'pholdworthc', 'dOYyI1', 'Penny Holdworth', '1959/03/07', 'F', 'Morden', '2020/08/13');
insert into user (id, email, username, password, full_name, birthday, gender, locality, created_at) values (14, 'mgatelyd@mail.ru', 'mgatelyd', 'HvIVxdFJ0Wy', 'Marjy Gately', '1961/03/16', 'F', 'Bartsrashen', '2020/12/19');
insert into user (id, email, username, password, full_name, birthday, gender, locality, created_at) values (15, 'shemerete@imdb.com', 'shemerete', '2Yll4c63S2', 'Stephani Hemeret', '2015/09/12', 'F', 'Pasirmukti', '2020/12/19');
insert into user (id, email, username, password, full_name, birthday, gender, locality, created_at) values (16, 'cdabnorf@miibeian.gov.cn', 'cdabnorf', 'OugUTJGim3Nf', 'Celisse Dabnor', '1990/05/05', 'F', 'Prażmów', '2021/07/15');
insert into user (id, email, username, password, full_name, birthday, gender, locality, created_at) values (17, 'sgallardg@ebay.com', 'sgallardg', 'MdQ0RtYu', 'Saxon Gallard', '2009/12/11', 'M', 'Tarub', '2021/02/26');
insert into user (id, email, username, password, full_name, birthday, gender, locality, created_at) values (18, 'gautrieh@purevolume.com', 'gautrieh', '41MntiDQnQ', 'Gabbey Autrie', '2006/08/29', 'F', 'Amirdzhan', '2020/10/07');
insert into user (id, email, username, password, full_name, birthday, gender, locality, created_at) values (19, 'ocalafatoi@etsy.com', 'ocalafatoi', '1Q9qg5L', 'Odetta Calafato', '1955/12/02', 'F', 'Carepa', '2021/06/05');
insert into user (id, email, username, password, full_name, birthday, gender, locality, created_at) values (20, 'nconstancej@edublogs.org', 'nconstancej', 'XLEKUv6oQZ', 'Nadya Constance', '2018/04/29', 'F', 'Honglan', '2020/10/25');

insert into child (id, full_name, birthday, time_of_birth, place_of_birth, gender, locality, Doctor, parent_id, created_at) values (1, 'Graig Beldum', '2021/05/27', '4:27', 'Kawit', 'M', 'Agía Foteiní', 'Brendon Furbank', 18, '2021/02/20');
insert into child (id, full_name, birthday, time_of_birth, place_of_birth, gender, locality, Doctor, parent_id, created_at) values (2, 'Eli Szwandt', '2020/05/12', '3:02', 'Zhangcaizhuang', 'M', 'Hashtpar', 'Sunny Krause', 12, '2020/09/29');
insert into child (id, full_name, birthday, time_of_birth, place_of_birth, gender, locality, Doctor, parent_id, created_at) values (3, 'Beniamino Dybald', '2020/04/20', '12:37', 'Ixopo', 'M', 'San Jose', 'Simmonds Daborn', 7, '2020/09/24');
insert into child (id, full_name, birthday, time_of_birth, place_of_birth, gender, locality, Doctor, parent_id, created_at) values (4, 'Isiahi Coy', '2019/12/18', '10:05', 'Alingsås', 'M', 'Kokubunji', 'Boot McKinnon', 7, '2021/06/25');
insert into child (id, full_name, birthday, time_of_birth, place_of_birth, gender, locality, Doctor, parent_id, created_at) values (5, 'Evonne Furley', '2019/02/22', '18:50', 'Houston', 'F', 'Lucapa', 'Ediva Jinda', 13, '2021/06/23');
insert into child (id, full_name, birthday, time_of_birth, place_of_birth, gender, locality, Doctor, parent_id, created_at) values (6, 'Verge Blodget', '2018/03/26', '18:46', 'Calçada', 'M', 'Rongkou', 'Darb Caple', 12, '2020/11/08');
insert into child (id, full_name, birthday, time_of_birth, place_of_birth, gender, locality, Doctor, parent_id, created_at) values (7, 'Ulrikaumeko O''Sherin', '2020/05/03', '23:40', 'Pyhäsalmi', 'F', 'Il’ya', 'Giuditta Sharrock', 9, '2021/01/22');
insert into child (id, full_name, birthday, time_of_birth, place_of_birth, gender, locality, Doctor, parent_id, created_at) values (8, 'Ellynn Chinge de Hals', '2021/02/23', '5:07', 'Los Santos', 'F', 'Hikkaduwa', 'Modestia Broek', 7, '2020/09/04');
insert into child (id, full_name, birthday, time_of_birth, place_of_birth, gender, locality, Doctor, parent_id, created_at) values (9, 'Marillin Neasam', '2021/06/28', '10:56', 'Gaocang', 'F', 'Cartagena', 'Constantine Allflatt', 9, '2021/05/17');
insert into child (id, full_name, birthday, time_of_birth, place_of_birth, gender, locality, Doctor, parent_id, created_at) values (10, 'Olga Guiraud', '2018/06/15', '15:26', 'Jambesari', 'F', 'Tayasan', 'Valera Partrick', 10, '2020/11/17');
insert into child (id, full_name, birthday, time_of_birth, place_of_birth, gender, locality, Doctor, parent_id, created_at) values (11, 'Richardo Earthfield', '2018/06/20', '2:23', 'Arāk', 'M', 'Lodoyo', 'Sky Myott', 1, '2021/01/05');
insert into child (id, full_name, birthday, time_of_birth, place_of_birth, gender, locality, Doctor, parent_id, created_at) values (12, 'Shena MacDowall', '2019/08/11', '22:51', 'Teongtoda', 'F', 'Baibu', 'Naoma Bracer', 11, '2020/09/28');
insert into child (id, full_name, birthday, time_of_birth, place_of_birth, gender, locality, Doctor, parent_id, created_at) values (13, 'Umeko Lorincz', '2019/09/06', '15:43', 'Himeji', 'F', 'Pau', 'Flossie Bampforth', 7, '2020/12/22');
insert into child (id, full_name, birthday, time_of_birth, place_of_birth, gender, locality, Doctor, parent_id, created_at) values (14, 'Lavinie Hayller', '2018/01/09', '13:21', 'Pakxong', 'F', 'Sindanghayu', 'Vanessa Goch', 11, '2020/09/02');
insert into child (id, full_name, birthday, time_of_birth, place_of_birth, gender, locality, Doctor, parent_id, created_at) values (15, 'Talbot Chritchlow', '2020/05/06', '0:27', 'Labège', 'M', 'Antonina', 'Jeno Upshall', 6, '2021/04/30');
insert into child (id, full_name, birthday, time_of_birth, place_of_birth, gender, locality, Doctor, parent_id, created_at) values (16, 'Wake Bozward', '2020/12/24', '15:09', 'Cansolungon', 'M', 'Tanahmerah', 'Bartholomew Malbon', 12, '2021/03/10');
insert into child (id, full_name, birthday, time_of_birth, place_of_birth, gender, locality, Doctor, parent_id, created_at) values (17, 'Aubrey Forman', '2018/07/17', '6:06', 'Yuyangguan', 'M', 'Hanjia', 'Charles McCome', 9, '2021/03/11');
insert into child (id, full_name, birthday, time_of_birth, place_of_birth, gender, locality, Doctor, parent_id, created_at) values (18, 'Micky Allsupp', '2020/05/03', '10:02', 'Fresno', 'M', 'Padurung', 'Jake Santen', 3, '2021/06/23');
insert into child (id, full_name, birthday, time_of_birth, place_of_birth, gender, locality, Doctor, parent_id, created_at) values (19, 'Mireielle Brodest', '2020/06/26', '0:40', 'Rodatychi', 'F', 'Trieste', 'Dorothy Roze', 12, '2021/07/05');
insert into child (id, full_name, birthday, time_of_birth, place_of_birth, gender, locality, Doctor, parent_id, created_at) values (20, 'Adan Bentje', '2018/12/26', '17:31', 'Maundai', 'F', 'Oleszyce', 'Nicoli Baniard', 3, '2020/09/02');

insert into child_weight_record (id, weight, child_id, created_at) values (1, 22, 14, '2021/02/12');
insert into child_weight_record (id, weight, child_id, created_at) values (2, 32, 1, '2021/03/16');
insert into child_weight_record (id, weight, child_id, created_at) values (3, 9, 4, '2021/01/22');
insert into child_weight_record (id, weight, child_id, created_at) values (4, 6, 5, '2021/05/29');
insert into child_weight_record (id, weight, child_id, created_at) values (5, 31, 19, '2020/10/23');
insert into child_weight_record (id, weight, child_id, created_at) values (6, 20, 12, '2020/11/29');
insert into child_weight_record (id, weight, child_id, created_at) values (7, 40, 2, '2020/08/08');
insert into child_weight_record (id, weight, child_id, created_at) values (8, 54, 12, '2021/03/16');
insert into child_weight_record (id, weight, child_id, created_at) values (9, 17, 5, '2021/03/27');
insert into child_weight_record (id, weight, child_id, created_at) values (10, 57, 2, '2021/05/08');
insert into child_weight_record (id, weight, child_id, created_at) values (11, 32, 12, '2021/07/02');
insert into child_weight_record (id, weight, child_id, created_at) values (12, 9, 6, '2020/09/21');
insert into child_weight_record (id, weight, child_id, created_at) values (13, 31, 15, '2021/07/05');
insert into child_weight_record (id, weight, child_id, created_at) values (14, 12, 4, '2020/09/09');
insert into child_weight_record (id, weight, child_id, created_at) values (15, 9, 2, '2021/02/25');
insert into child_weight_record (id, weight, child_id, created_at) values (16, 44, 20, '2021/01/14');
insert into child_weight_record (id, weight, child_id, created_at) values (17, 1, 16, '2020/08/29');
insert into child_weight_record (id, weight, child_id, created_at) values (18, 45, 19, '2020/08/26');
insert into child_weight_record (id, weight, child_id, created_at) values (19, 40, 2, '2021/05/22');
insert into child_weight_record (id, weight, child_id, created_at) values (20, 47, 3, '2020/12/25');
insert into child_weight_record (id, weight, child_id, created_at) values (21, 10, 15, '2021/04/07');
insert into child_weight_record (id, weight, child_id, created_at) values (22, 25, 19, '2021/06/17');
insert into child_weight_record (id, weight, child_id, created_at) values (23, 45, 3, '2021/07/07');
insert into child_weight_record (id, weight, child_id, created_at) values (24, 14, 4, '2020/08/05');
insert into child_weight_record (id, weight, child_id, created_at) values (25, 43, 20, '2020/08/23');
insert into child_weight_record (id, weight, child_id, created_at) values (26, 38, 13, '2021/04/05');
insert into child_weight_record (id, weight, child_id, created_at) values (27, 27, 9, '2021/06/07');
insert into child_weight_record (id, weight, child_id, created_at) values (28, 14, 2, '2021/01/04');
insert into child_weight_record (id, weight, child_id, created_at) values (29, 24, 8, '2020/10/10');
insert into child_weight_record (id, weight, child_id, created_at) values (30, 7, 16, '2021/06/20');
insert into child_weight_record (id, weight, child_id, created_at) values (31, 52, 12, '2020/12/30');
insert into child_weight_record (id, weight, child_id, created_at) values (32, 53, 3, '2021/04/15');
insert into child_weight_record (id, weight, child_id, created_at) values (33, 50, 15, '2021/06/22');
insert into child_weight_record (id, weight, child_id, created_at) values (34, 12, 2, '2021/02/16');
insert into child_weight_record (id, weight, child_id, created_at) values (35, 32, 8, '2020/08/03');
insert into child_weight_record (id, weight, child_id, created_at) values (36, 51, 16, '2021/06/25');
insert into child_weight_record (id, weight, child_id, created_at) values (37, 29, 2, '2020/09/11');
insert into child_weight_record (id, weight, child_id, created_at) values (38, 28, 17, '2021/03/30');
insert into child_weight_record (id, weight, child_id, created_at) values (39, 31, 4, '2020/12/30');
insert into child_weight_record (id, weight, child_id, created_at) values (40, 24, 1, '2021/07/06');
insert into child_weight_record (id, weight, child_id, created_at) values (41, 17, 9, '2021/07/17');
insert into child_weight_record (id, weight, child_id, created_at) values (42, 46, 11, '2021/03/26');
insert into child_weight_record (id, weight, child_id, created_at) values (43, 33, 1, '2021/07/01');
insert into child_weight_record (id, weight, child_id, created_at) values (44, 5, 6, '2021/03/25');
insert into child_weight_record (id, weight, child_id, created_at) values (45, 17, 10, '2020/12/10');
insert into child_weight_record (id, weight, child_id, created_at) values (46, 10, 20, '2020/08/14');
insert into child_weight_record (id, weight, child_id, created_at) values (47, 18, 3, '2020/09/11');
insert into child_weight_record (id, weight, child_id, created_at) values (48, 26, 7, '2021/04/06');
insert into child_weight_record (id, weight, child_id, created_at) values (49, 53, 3, '2020/10/23');
insert into child_weight_record (id, weight, child_id, created_at) values (50, 60, 20, '2021/06/14');
insert into child_weight_record (id, weight, child_id, created_at) values (51, 40, 4, '2020/11/23');
insert into child_weight_record (id, weight, child_id, created_at) values (52, 5, 11, '2021/06/18');
insert into child_weight_record (id, weight, child_id, created_at) values (53, 9, 12, '2021/02/08');
insert into child_weight_record (id, weight, child_id, created_at) values (54, 48, 20, '2020/12/27');
insert into child_weight_record (id, weight, child_id, created_at) values (55, 31, 4, '2021/04/01');
insert into child_weight_record (id, weight, child_id, created_at) values (56, 53, 16, '2021/01/10');
insert into child_weight_record (id, weight, child_id, created_at) values (57, 58, 20, '2021/05/03');
insert into child_weight_record (id, weight, child_id, created_at) values (58, 60, 10, '2021/03/20');
insert into child_weight_record (id, weight, child_id, created_at) values (59, 48, 9, '2020/10/30');
insert into child_weight_record (id, weight, child_id, created_at) values (60, 7, 6, '2020/11/28');
insert into child_weight_record (id, weight, child_id, created_at) values (61, 16, 3, '2020/12/14');
insert into child_weight_record (id, weight, child_id, created_at) values (62, 37, 16, '2020/11/09');
insert into child_weight_record (id, weight, child_id, created_at) values (63, 49, 2, '2021/01/25');
insert into child_weight_record (id, weight, child_id, created_at) values (64, 44, 12, '2020/09/20');
insert into child_weight_record (id, weight, child_id, created_at) values (65, 21, 13, '2021/02/14');
insert into child_weight_record (id, weight, child_id, created_at) values (66, 35, 17, '2020/11/08');
insert into child_weight_record (id, weight, child_id, created_at) values (67, 60, 16, '2020/10/03');
insert into child_weight_record (id, weight, child_id, created_at) values (68, 20, 16, '2021/03/12');
insert into child_weight_record (id, weight, child_id, created_at) values (69, 15, 12, '2021/01/29');
insert into child_weight_record (id, weight, child_id, created_at) values (70, 50, 9, '2021/05/27');
insert into child_weight_record (id, weight, child_id, created_at) values (71, 6, 12, '2020/12/23');
insert into child_weight_record (id, weight, child_id, created_at) values (72, 55, 18, '2020/08/14');
insert into child_weight_record (id, weight, child_id, created_at) values (73, 55, 18, '2021/01/11');
insert into child_weight_record (id, weight, child_id, created_at) values (74, 5, 6, '2020/11/13');
insert into child_weight_record (id, weight, child_id, created_at) values (75, 22, 3, '2020/12/25');
insert into child_weight_record (id, weight, child_id, created_at) values (76, 10, 10, '2021/05/18');
insert into child_weight_record (id, weight, child_id, created_at) values (77, 21, 16, '2020/12/02');
insert into child_weight_record (id, weight, child_id, created_at) values (78, 9, 8, '2021/01/05');
insert into child_weight_record (id, weight, child_id, created_at) values (79, 52, 20, '2021/03/17');
insert into child_weight_record (id, weight, child_id, created_at) values (80, 11, 7, '2021/01/20');
insert into child_weight_record (id, weight, child_id, created_at) values (81, 8, 2, '2021/01/14');
insert into child_weight_record (id, weight, child_id, created_at) values (82, 21, 14, '2020/12/16');
insert into child_weight_record (id, weight, child_id, created_at) values (83, 56, 6, '2021/07/11');
insert into child_weight_record (id, weight, child_id, created_at) values (84, 39, 8, '2020/11/18');
insert into child_weight_record (id, weight, child_id, created_at) values (85, 15, 11, '2020/09/26');
insert into child_weight_record (id, weight, child_id, created_at) values (86, 22, 12, '2021/01/15');
insert into child_weight_record (id, weight, child_id, created_at) values (87, 26, 7, '2020/08/30');
insert into child_weight_record (id, weight, child_id, created_at) values (88, 7, 2, '2021/01/26');
insert into child_weight_record (id, weight, child_id, created_at) values (89, 10, 19, '2021/05/03');
insert into child_weight_record (id, weight, child_id, created_at) values (90, 36, 18, '2020/08/23');
insert into child_weight_record (id, weight, child_id, created_at) values (91, 19, 16, '2021/02/02');
insert into child_weight_record (id, weight, child_id, created_at) values (92, 1, 5, '2021/01/09');
insert into child_weight_record (id, weight, child_id, created_at) values (93, 2, 2, '2020/11/20');
insert into child_weight_record (id, weight, child_id, created_at) values (94, 49, 3, '2020/08/01');
insert into child_weight_record (id, weight, child_id, created_at) values (95, 50, 11, '2020/10/23');
insert into child_weight_record (id, weight, child_id, created_at) values (96, 33, 1, '2021/04/04');
insert into child_weight_record (id, weight, child_id, created_at) values (97, 9, 6, '2021/03/10');
insert into child_weight_record (id, weight, child_id, created_at) values (98, 2, 16, '2021/04/15');
insert into child_weight_record (id, weight, child_id, created_at) values (99, 52, 4, '2020/09/11');
insert into child_weight_record (id, weight, child_id, created_at) values (100, 41, 2, '2021/01/16');

insert into child_height_record (id, height, child_id, created_at) values (1, 101, 6, '2021/05/27');
insert into child_height_record (id, height, child_id, created_at) values (2, 55, 16, '2021/03/31');
insert into child_height_record (id, height, child_id, created_at) values (3, 108, 12, '2021/02/03');
insert into child_height_record (id, height, child_id, created_at) values (4, 144, 11, '2020/11/26');
insert into child_height_record (id, height, child_id, created_at) values (5, 105, 18, '2020/07/27');
insert into child_height_record (id, height, child_id, created_at) values (6, 89, 16, '2020/12/03');
insert into child_height_record (id, height, child_id, created_at) values (7, 26, 5, '2021/05/20');
insert into child_height_record (id, height, child_id, created_at) values (8, 145, 10, '2021/03/27');
insert into child_height_record (id, height, child_id, created_at) values (9, 87, 13, '2020/07/27');
insert into child_height_record (id, height, child_id, created_at) values (10, 63, 13, '2020/09/29');
insert into child_height_record (id, height, child_id, created_at) values (11, 133, 10, '2020/09/21');
insert into child_height_record (id, height, child_id, created_at) values (12, 9, 5, '2021/02/28');
insert into child_height_record (id, height, child_id, created_at) values (13, 58, 6, '2020/12/23');
insert into child_height_record (id, height, child_id, created_at) values (14, 89, 7, '2020/08/24');
insert into child_height_record (id, height, child_id, created_at) values (15, 60, 13, '2021/01/03');
insert into child_height_record (id, height, child_id, created_at) values (16, 129, 6, '2021/02/26');
insert into child_height_record (id, height, child_id, created_at) values (17, 143, 5, '2021/01/29');
insert into child_height_record (id, height, child_id, created_at) values (18, 98, 17, '2021/05/05');
insert into child_height_record (id, height, child_id, created_at) values (19, 107, 12, '2020/10/25');
insert into child_height_record (id, height, child_id, created_at) values (20, 24, 15, '2020/11/04');
insert into child_height_record (id, height, child_id, created_at) values (21, 51, 17, '2021/06/06');
insert into child_height_record (id, height, child_id, created_at) values (22, 96, 1, '2020/08/20');
insert into child_height_record (id, height, child_id, created_at) values (23, 99, 19, '2020/07/27');
insert into child_height_record (id, height, child_id, created_at) values (24, 34, 11, '2021/03/01');
insert into child_height_record (id, height, child_id, created_at) values (25, 108, 14, '2020/11/13');
insert into child_height_record (id, height, child_id, created_at) values (26, 17, 17, '2020/12/10');
insert into child_height_record (id, height, child_id, created_at) values (27, 75, 19, '2020/07/27');
insert into child_height_record (id, height, child_id, created_at) values (28, 12, 9, '2021/06/17');
insert into child_height_record (id, height, child_id, created_at) values (29, 149, 5, '2020/08/26');
insert into child_height_record (id, height, child_id, created_at) values (30, 75, 17, '2021/06/16');
insert into child_height_record (id, height, child_id, created_at) values (31, 65, 19, '2021/06/16');
insert into child_height_record (id, height, child_id, created_at) values (32, 43, 8, '2021/07/13');
insert into child_height_record (id, height, child_id, created_at) values (33, 14, 5, '2021/05/31');
insert into child_height_record (id, height, child_id, created_at) values (34, 138, 5, '2020/12/09');
insert into child_height_record (id, height, child_id, created_at) values (35, 11, 18, '2021/07/14');
insert into child_height_record (id, height, child_id, created_at) values (36, 146, 5, '2021/06/11');
insert into child_height_record (id, height, child_id, created_at) values (37, 53, 1, '2021/05/18');
insert into child_height_record (id, height, child_id, created_at) values (38, 112, 20, '2020/08/25');
insert into child_height_record (id, height, child_id, created_at) values (39, 18, 1, '2021/02/16');
insert into child_height_record (id, height, child_id, created_at) values (40, 41, 15, '2021/06/16');
insert into child_height_record (id, height, child_id, created_at) values (41, 144, 12, '2021/04/07');
insert into child_height_record (id, height, child_id, created_at) values (42, 68, 13, '2021/06/30');
insert into child_height_record (id, height, child_id, created_at) values (43, 47, 4, '2020/08/14');
insert into child_height_record (id, height, child_id, created_at) values (44, 96, 5, '2020/07/30');
insert into child_height_record (id, height, child_id, created_at) values (45, 43, 13, '2020/09/17');
insert into child_height_record (id, height, child_id, created_at) values (46, 50, 14, '2020/07/22');
insert into child_height_record (id, height, child_id, created_at) values (47, 129, 11, '2020/08/15');
insert into child_height_record (id, height, child_id, created_at) values (48, 65, 5, '2020/12/31');
insert into child_height_record (id, height, child_id, created_at) values (49, 113, 18, '2021/07/03');
insert into child_height_record (id, height, child_id, created_at) values (50, 33, 13, '2021/03/06');
insert into child_height_record (id, height, child_id, created_at) values (51, 128, 1, '2020/11/28');
insert into child_height_record (id, height, child_id, created_at) values (52, 73, 9, '2020/07/25');
insert into child_height_record (id, height, child_id, created_at) values (53, 127, 12, '2020/12/12');
insert into child_height_record (id, height, child_id, created_at) values (54, 142, 9, '2021/01/31');
insert into child_height_record (id, height, child_id, created_at) values (55, 43, 8, '2020/10/30');
insert into child_height_record (id, height, child_id, created_at) values (56, 41, 13, '2020/08/26');
insert into child_height_record (id, height, child_id, created_at) values (57, 97, 11, '2021/06/20');
insert into child_height_record (id, height, child_id, created_at) values (58, 32, 4, '2020/08/17');
insert into child_height_record (id, height, child_id, created_at) values (59, 55, 1, '2020/09/13');
insert into child_height_record (id, height, child_id, created_at) values (60, 131, 7, '2021/04/24');
insert into child_height_record (id, height, child_id, created_at) values (61, 117, 4, '2020/07/22');
insert into child_height_record (id, height, child_id, created_at) values (62, 38, 20, '2021/02/14');
insert into child_height_record (id, height, child_id, created_at) values (63, 132, 12, '2020/10/06');
insert into child_height_record (id, height, child_id, created_at) values (64, 66, 17, '2021/04/06');
insert into child_height_record (id, height, child_id, created_at) values (65, 134, 18, '2020/09/27');
insert into child_height_record (id, height, child_id, created_at) values (66, 4, 15, '2021/03/04');
insert into child_height_record (id, height, child_id, created_at) values (67, 22, 16, '2020/08/17');
insert into child_height_record (id, height, child_id, created_at) values (68, 126, 6, '2020/11/02');
insert into child_height_record (id, height, child_id, created_at) values (69, 128, 15, '2020/11/15');
insert into child_height_record (id, height, child_id, created_at) values (70, 12, 19, '2021/06/08');
insert into child_height_record (id, height, child_id, created_at) values (71, 28, 8, '2021/04/23');
insert into child_height_record (id, height, child_id, created_at) values (72, 49, 8, '2020/12/31');
insert into child_height_record (id, height, child_id, created_at) values (73, 103, 4, '2020/12/18');
insert into child_height_record (id, height, child_id, created_at) values (74, 85, 1, '2020/09/05');
insert into child_height_record (id, height, child_id, created_at) values (75, 30, 12, '2020/11/25');
insert into child_height_record (id, height, child_id, created_at) values (76, 11, 4, '2021/06/30');
insert into child_height_record (id, height, child_id, created_at) values (77, 45, 6, '2021/05/25');
insert into child_height_record (id, height, child_id, created_at) values (78, 135, 15, '2021/07/09');
insert into child_height_record (id, height, child_id, created_at) values (79, 19, 17, '2020/11/02');
insert into child_height_record (id, height, child_id, created_at) values (80, 36, 19, '2021/07/03');
insert into child_height_record (id, height, child_id, created_at) values (81, 128, 16, '2021/03/10');
insert into child_height_record (id, height, child_id, created_at) values (82, 104, 18, '2020/08/29');
insert into child_height_record (id, height, child_id, created_at) values (83, 80, 14, '2021/06/17');
insert into child_height_record (id, height, child_id, created_at) values (84, 46, 8, '2020/11/26');
insert into child_height_record (id, height, child_id, created_at) values (85, 18, 12, '2020/07/28');
insert into child_height_record (id, height, child_id, created_at) values (86, 139, 17, '2021/01/21');
insert into child_height_record (id, height, child_id, created_at) values (87, 48, 14, '2021/02/06');
insert into child_height_record (id, height, child_id, created_at) values (88, 148, 10, '2021/01/06');
insert into child_height_record (id, height, child_id, created_at) values (89, 21, 15, '2020/09/14');
insert into child_height_record (id, height, child_id, created_at) values (90, 55, 13, '2020/12/10');
insert into child_height_record (id, height, child_id, created_at) values (91, 39, 18, '2021/03/27');
insert into child_height_record (id, height, child_id, created_at) values (92, 47, 17, '2020/09/23');
insert into child_height_record (id, height, child_id, created_at) values (93, 50, 16, '2021/02/14');
insert into child_height_record (id, height, child_id, created_at) values (94, 30, 15, '2020/07/24');
insert into child_height_record (id, height, child_id, created_at) values (95, 16, 11, '2021/02/20');
insert into child_height_record (id, height, child_id, created_at) values (96, 19, 7, '2020/12/01');
insert into child_height_record (id, height, child_id, created_at) values (97, 69, 16, '2021/05/15');
insert into child_height_record (id, height, child_id, created_at) values (98, 75, 6, '2021/02/21');
insert into child_height_record (id, height, child_id, created_at) values (99, 52, 1, '2021/04/25');
insert into child_height_record (id, height, child_id, created_at) values (100, 118, 8, '2021/05/07');